note,class
琥珀,东方调
香草,东方调
零陵香豆,东方调
焚香/乳香,东方调
岩蔷薇/赖白当,东方调
安息香,东方调
没药,东方调
榄香脂,东方调
香草（马达加斯加）,东方调
香草（波旁岛）,东方调
冷杉香脂,东方调
红没药,东方调
香脂（秘鲁）,东方调
香醋香调,东方调
妥鲁香脂,东方调
香豆素（零陵香豆香调）,东方调
安息香（暹罗）,东方调
树脂,东方调
古芸香脂,东方调
苦配巴香脂/古巴香脂,东方调
安息香（老挝）,东方调
焚香（索玛利亚）,东方调
香草（大溪地）,东方调
香草醛（香草香调）,东方调
龙涎香苯乙烯,东方调
安息香（苏门答腊岛）,东方调
香草（墨西哥）,东方调
盐琥珀,东方调
天鹅绒香调,东方调
Tonkalactone,东方调
香草（香荚兰）,东方调
干琥珀,东方调
柯巴脂,东方调
生橡胶,东方调
龙涎香脂,东方调
Loewe 香调,东方调
贝鲁树脂,东方调
香醋香调,东方调
草木犀,东方调
海盐香草,东方调
Kyphi Accord,东方调
格思龙葵骨,东方调
焚香（中国）,东方调
Ambre 83 de Laire,东方调
香草（塔希提香草兰）,东方调
Mystikal (Incense note),东方调
White Vanilla,东方调
Invictus Incense,东方调
焚香（摩洛哥）,东方调
香草（乌干达）,东方调
香草利口酒,东方调
印度乳香,东方调
Blue Vanilla,东方调
Vanilla Dries Van Noten,东方调
Invictus Tonka Bean,东方调
Zukoh,东方调
檀香,木质香调
雪松,木质香调
香根草,木质香调
木质香调,木质香调
乌木/沉香木,木质香调
开司米酮（木调麝香）,木质香调
愈疮木,木质香调
龙涎香型,木质香调
降龙涎香醚（龙涎香型）,木质香调
干膜莎草/印度香附子,木质香调
香根草（海地）,木质香调
雪松（弗吉尼亚）,木质香调
琥珀木,木质香调
雪松（阿特拉斯）,木质香调
Ambrox（龙涎香）,木质香调
檀香（澳大利亚）,木质香调
纸莎草,木质香调
木调琥珀香调,木质香调
橡树,木质香调
浮木,木质香调
阿米香树,木质香调
干燥木质,木质香调
檀香（印度）,木质香调
檀香（迈索尔）,木质香调
柚木,木质香调
威士忌,木质香调
干邑白兰地,木质香调
黑檀,木质香调
龙涎酮（雪松香调）,木质香调
香根草（爪哇岛）,木质香调
乌木（老挝）,木质香调
Orcanox（龙涎香）,木质香调
雪松（德克萨斯）,木质香调
桃花心木,木质香调
日本扁柏木,木质香调
檀香（新喀里多尼亚）,木质香调
Ambrofix（龙涎香）,木质香调
绿檀木,木质香调
烟熏树木,木质香调
雪松（黎巴嫩）,木质香调
香根草（波旁岛）,木质香调
红杉,木质香调
极致龙涎（木调琥珀香）,木质香调
帝王龙涎（木调琥珀香）,木质香调
乌木（柬埔寨）,木质香调
Georgywood（雪松香调）,木质香调
左旋龙涎醚/龙涎呋喃（龙涎香型）,木质香调
雪松（中国）,木质香调
橄榄树,木质香调
汤力琥珀（木调琥珀香）,木质香调
喀什米尔木,木质香调
柠檬树,木质香调
Dreamwood (檀香),木质香调
Ambrostar (木调琥珀香),木质香调
Pepperwood,木质香调
雪松（阿拉斯加）,木质香调
Lorenox（龙涎香）,木质香调
白兰地,木质香调
檀香（印度尼西亚）,木质香调
红檀香,木质香调
乌木（罗望子）,木质香调
Norlimbanol（木调琥珀香）,木质香调
橘树,木质香调
枫树,木质香调
雪松（美国）,木质香调
香根草（印尼）,木质香调
Ambermax（木调琥珀香）,木质香调
雪松（喜马拉雅）,木质香调
蓝花楹,木质香调
香根草（印度）,木质香调
黄杨木,木质香调
Operanide（木调琥珀香）,木质香调
Belambre（木调琥珀香）,木质香调
芳香薄荷,木质香调
杏树,木质香调
苹果树,木质香调
异域树木,木质香调
铁木（角树）,木质香调
Javanol（檀香）,木质香调
湿材,木质香调
树皮,木质香调
加菲力士（木质香调）,木质香调
纸,木质香调
Timbersilk（雪松香调）,木质香调
檀香（斯里兰卡）,木质香调
樱桃树,木质香调
Ambrinol（龙涎香）,木质香调
棉白杨/杨树,木质香调
金合欢树,木质香调
葡萄柚树,木质香调
Limbanol（木调琥珀香）,木质香调
粘土,木质香调
Buaya Laos,木质香调
Karmawood,木质香调
Z11（木调琥珀香）,木质香调
Milkwood,木质香调
Cachalox (Ambergris),木质香调
林木（木质音符）,木质香调
佛陀木,木质香调
圣诞树/凤凰木,木质香调
美国梧桐,木质香调
Kingwood,木质香调
Queenwood,木质香调
烧焦香调,木质香调
Karanal（木调琥珀香）,木质香调
Santamanol（檀香）,木质香调
香根草（留尼旺岛）,木质香调
疗伤木（广藿香味）,木质香调
Sandalore （檀香）,木质香调
李子树,木质香调
白柳树,木质香调
树木（巴西）,木质香调
核桃木,木质香调
Timberol（雪松香调）,木质香调
Ebanol（檀香）,木质香调
Dextramber® (Woody Ambery),木质香调
山毛榉,木质香调
梨树,木质香调
柳条,木质香调
银杏,木质香调
雪松（秘鲁）,木质香调
罗汉柏,木质香调
檀香（埃及）,木质香调
Tobacarol（木质琥珀）,木质香调
Cedramber（雪松香调）,木质香调
Vinyl Guaiacol,木质香调
乌木（印度）,木质香调
米蒂花油,木质香调
乌木（泰国）,木质香调
马卡萨木,木质香调
Okoumal（木调琥珀香）,木质香调
涂蜡地板香调,木质香调
檀香（马达加斯加）,木质香调
梦迪亚根,木质香调
三叶胶,木质香调
雪松（西藏）,木质香调
Bacdanol（檀香）,木质香调
假紫荆,木质香调
木兰花木,木质香调
Vertofix Coeur （雪松香调）,木质香调
Invictus Opulent Wood,木质香调
Mizunara Wood (Japanese Oak),木质香调
Shiba-Fune Wood,木质香调
Hindinol® (Sandalwood),木质香调
桃子,果香调
梨,果香调
覆盆子,果香调
苹果,果香调
李子,果香调
菠萝,果香调
黑加仑,果香调
红莓,果香调
椰子,果香调
荔枝,果香调
绿苹果,果香调
大黄,果香调
杏,果香调
无花果,果香调
朗姆酒,果香调
草莓,果香调
印蒿,果香调
果香调,果香调
百香果,果香调
甜瓜,果香调
椰奶,果香调
黑莓,果香调
芒果,果香调
金盏花,果香调
樱桃,果香调
西瓜,果香调
石榴,果香调
红苹果,果香调
野莓,果香调
红醋栗,果香调
油桃,果香调
蓝莓,果香调
柑橘,果香调
干果,果香调
番石榴,果香调
枣,果香调
樱桃（黑色）,果香调
香槟,果香调
葡萄,果香调
杨桃,果香调
蔓越莓,果香调
猕猴桃,果香调
异域水果,果香调
水润水果,果香调
黄香李（李子）,果香调
梨味雪芭,果香调
利口酒,果香调
木瓜,果香调
鸡尾酒,果香调
内酯酸香调（水果牛奶）,果香调
火龙果,果香调
粉红香槟,果香调
红葡萄酒,果香调
蜜瓜,果香调
热带水果,果香调
香蕉,果香调
酸角,果香调
毕当茄,果香调
露莓,果香调
阿萨伊莓果/巴西莓,果香调
博伊森莓,果香调
酸樱桃,果香调
醋栗,果香调
仙人果,果香调
枸杞,果香调
苹果雪芭,果香调
黑加仑雪芭,果香调
覆盆子雪芭,果香调
石榴汁糖浆,果香调
桑葚,果香调
白醋栗,果香调
云莓,果香调
南非红茶,果香调
椰林飘香鸡尾酒,果香调
雪芭,果香调
贝利尼鸡尾酒,果香调
山竹,果香调
欧洲樱桃,果香调
黑樱桃,果香调
Dewfruit（异域水果）,果香调
麝香葡萄,果香调
梅酒,果香调
嘉宝果,果香调
柿子,果香调
马尼卡,果香调
Cosmofruit（水果香调）,果香调
苹果酒,果香调
绿色水果,果香调
树莓利口酒,果香调
酒浸樱桃,果香调
普罗塞克,果香调
阿贝罗鸡尾酒,果香调
波特酒,果香调
桃子雪芭,果香调
果酒,果香调
瓜拿纳,果香调
菠萝蜜,果香调
果酱,果香调
甜瓜（刺角瓜）,果香调
Prunella（李子）,果香调
草莓雪芭,果香调
葡萄酒糟,果香调
酸浆果,果香调
Prunol（李子）,果香调
日本枇杷,果香调
乙酸乙酯（水果香调）,果香调
Paradisamide（水果香调）,果香调
牙买加人心果,果香调
黑皮诺葡萄,果香调
能量饮料香调,果香调
刺果番荔枝,果香调
Antillone（水果香调）,果香调
番荔枝树,果香调
斐济果,果香调
荔枝雪芭,果香调
Veloutone（水果香调）,果香调
葡桃,果香调
橙味利口酒,果香调
Creamytone (果香调),果香调
糖霜莓果,果香调
蜜瓜香调,果香调
葡萄覆盆子冰糕,果香调
玛格丽特鸡尾酒,果香调
水果茶,果香调
菠萝莓,果香调
香波堡利口酒,果香调
酸枣,果香调
月桂果实,果香调
Miracle berry,果香调
星苹果,果香调
白葡萄酒,果香调
桑格利亚酒,果香调
格拉巴酒,果香调
覆盆子莫吉托,果香调
桑橙,果香调
樱桃棒棒糖香调,果香调
Malibu椰子酒,果香调
樱桃牛奶谐香,果香调
Winter berry,果香调
Durian,果香调
Fig of Egypt (Carob tree),果香调
香柠檬,柑橘调
橘子,柑橘调
柠檬,柑橘调
葡萄柚,柑橘调
甜橙,柑橘调
橙花油,柑橘调
柑橘,柑橘调
橘子,柑橘调
青柠,柑橘调
苦橙,柑橘调
血橙,柑橘调
柠檬马鞭草,柑橘调
柚子,柑橘调
柑橘（绿色）,柑橘调
香橼,柑橘调
柠檬皮,柑橘调
细皮小柑橘,柑橘调
金橘,柑橘调
柚子,柑橘调
柠檬花,柑橘调
柠檬草,柑橘调
山苍树,柑橘调
橘子花,柑橘调
柑橘（红色）,柑橘调
橙花（突尼斯）,柑橘调
柑橘（西西里）,柑橘调
莫吉托,柑橘调
葡萄柚花,柑橘调
卡菲尔酸橙（泰国柠檬）,柑橘调
柠檬雪芭,柑橘调
鱼子青柠,柑橘调
金汤力,柑橘调
Dihydromyrcenol（清新柑橘香）,柑橘调
柠檬马鞭草,柑橘调
凯匹林纳鸡尾酒,柑橘调
柑橘（糖渍）,柑橘调
加利蒙地亚橘,柑橘调
香茅,柑橘调
香蜂草,柑橘调
柠檬汤力水,柑橘调
Pamplewood（葡萄柚香调）,柑橘调
Lemon (Italia),柑橘调
柠檬甜酒,柑橘调
Lemon (Sicilia),柑橘调
橙子（巴伦西亚）,柑橘调
青柠（波斯）,柑橘调
香柠檬花,柑橘调
金巴利苦酒,柑橘调
柠檬汽水,柑橘调
佛手,柑橘调
葡萄柚（中国）,柑橘调
圣培露果汁,柑橘调
柑橘,柑橘调
柑橘（中国）,柑橘调
柑橘雪芭,柑橘调
活力香调,柑橘调
橙子（塔洛科）,柑橘调
德岛酸橘,柑橘调
古龙香调,柑橘调
柑桔花,柑橘调
Neroli (Moroccan),柑橘调
柠檬奶油（凝乳）,柑橘调
佛手柑雪芭,柑橘调
柑香酒,柑橘调
圆柚甲烷（葡萄柚香调）,柑橘调
酸味香调,柑橘调
橙子（摩洛哥）,柑橘调
橙花（卡拉布里亚）,柑橘调
莱姆金桔,柑橘调
Grapefruit Dries Van Noten,柑橘调
柠檬百里香,柑橘调
皮斯科酸味鸡尾酒,柑橘调
柑橘青柠香调,柑橘调
茶（葡萄柚）,柑橘调
橘树和柠檬树花,柑橘调
橙子（巴西 Pintango）,柑橘调
广藿香,柑苔香调
橡木苔,柑苔香调
苔藓,柑苔香调
广藿香（印度尼西亚）,柑苔香调
亚基戛纳木 (广藿香调),柑苔香调
土壤香调,柑苔香调
千龙木（广麝香香调）,柑苔香调
柑苔谐香,柑苔香调
太妃糖,柑苔香调
Evernyl（青苔）,柑苔香调
蘑菇,柑苔香调
白松露,柑苔香调
甜菜根,柑苔香调
干叶,柑苔香调
森林土地,柑苔香调
泥炭,柑苔香调
土壤香调,柑苔香调
广藿香（危地马拉）,柑苔香调
矿物质香调,概念性
沙子香调,概念性
墨水,概念性
石头,概念性
乙烯基,概念性
防滑蜡,概念性
鹅卵石,概念性
火石,概念性
清漆香调,概念性
肾上腺素香调,概念性
Filo di Seta香调,概念性
沥青,概念性
汽油,概念性
鲜血香调,概念性
碳香调,概念性
蒸汽,概念性
水泥,概念性
彩虹香调,概念性
分子（粉色）,概念性
银质香调,概念性
Electric Mist,概念性
粉笔,概念性
石灰岩,概念性
榻榻米,概念性
乙醚,概念性
胶片香调,概念性
On The Rocks Accord,概念性
工业胶水,概念性
Black Lacquer accord,概念性
石膏,概念性
可卡因香调,概念性
铂金香调,概念性
煤油,概念性
真丝香调,概念性
海洋,海洋调
海洋调,海洋调
臭氧香调,海洋调
海水,海洋调
海草/海藻,海洋调
咸香,海洋调
海风,海洋调
西瓜酮（海洋清香）,海洋调
露珠,海洋调
雨水香调,海洋调
高山空气,海洋调
冰块效应,海洋调
海风醛（海洋清香）,海洋调
汤力水,海洋调
雪花香调,海洋调
鱼子酱,海洋调
碘香调,海洋调
Aquozone（海洋清香）,海洋调
Helional（海洋调）,海洋调
沙漠空气香调,海洋调
地中海空气香调,海洋调
圣彼得草,海洋调
Head Space 瀑布,海洋调
Calypsone（海洋清香）,海洋调
晶体协议,海洋调
Transluzone（海洋清香）,海洋调
Oceanol（海洋清香）,海洋调
烟草叶,烟草香调
干草,烟草香调
烟草香调,烟草香调
烟草花,烟草香调
鹿舌草,烟草香调
水烟筒香调,烟草香调
灰烬,烟草香调
皮革,皮革香调
藏红花,皮革香调
麂皮,皮革香调
安息香,皮革香调
桦木,皮革香调
海狸香,皮革香调
灵猫香,皮革香调
动物香调,皮革香调
烟雾,皮革香调
杜松,皮革香调
桦焦油,皮革香调
正山小种红茶,皮革香调
闭鞘姜,皮革香调
火药,皮革香调
Safraleine（藏红花香）,皮革香调
蹄兔香,皮革香调
Civetone（动物香调）,皮革香调
火焰能量,皮革香调
熔岩,皮革香调
Suederal（麂皮香调）,皮革香调
俄罗斯茶,皮革香调
小羊皮,皮革香调
焦糖,美食香调
蜂蜜,美食香调
杏仁,美食香调
果仁糖,美食香调
咖啡,美食香调
可可,美食香调
糖,美食香调
奶油（奶油泡芙）,美食香调
甘草,美食香调
牛奶,美食香调
榛子,美食香调
巧克力,美食香调
棉花糖,美食香调
开心果,美食香调
棉花糖,美食香调
大米,美食香调
红糖,美食香调
太妃糖,美食香调
美食香调,美食香调
蜂蜡,美食香调
杏仁奶,美食香调
栗子,美食香调
芝麻,美食香调
黑巧克力,美食香调
核桃,美食香调
甘蔗,美食香调
太妃苹果糖,美食香调
麦芽醇（果仁糖）,美食香调
白巧克力,美食香调
糖果,美食香调
枫糖浆,美食香调
糖衣杏仁,美食香调
海盐焦糖,美食香调
卡布奇诺咖啡,美食香调
马卡龙,美食香调
姜饼,美食香调
杏仁酒,美食香调
烤杏仁,美食香调
热牛奶,美食香调
黄油,美食香调
谷类,美食香调
法式甜點,美食香调
爆米花,美食香调
蛋白糖,美食香调
蜜饯,美食香调
牛奶焦糖酱,美食香调
冰淇淋,美食香调
小麦,美食香调
咖啡（阿拉比卡）,美食香调
焦糖布丁,美食香调
杏仁糕,美食香调
可口可乐,美食香调
泡泡糖,美食香调
饼干,美食香调
提拉米苏香调,美食香调
大麦,美食香调
纸杯蛋糕,美食香调
土耳其软糖,美食香调
夏威夷果,美食香调
麸,美食香调
可可脂,美食香调
麦芽,美食香调
糖渍橙子,美食香调
奶油苏打,美食香调
玛德琳蛋糕香调,美食香调
牛奶巧克力,美食香调
牛奶慕斯,美食香调
牛轧糖,美食香调
糖渍栗子,美食香调
炼乳,美食香调
面粉（蛋糕）,美食香调
面包,美食香调
意式奶冻,美食香调
南瓜,美食香调
苦巧克力,美食香调
曲奇香调,美食香调
花粉,美食香调
巧克力（吉安杜佳）,美食香调
奶油硬糖,美食香调
花生,美食香调
米浆,美食香调
拿铁咖啡,美食香调
布里欧修面包//法式黄油面包,美食香调
蛋奶冻,美食香调
奶油乳酪,美食香调
哈尔瓦蜜糕,美食香调
黑麦,美食香调
咖啡（土耳其）,美食香调
咖啡（哥伦比亚）,美食香调
蒂拉米松,美食香调
啤酒,美食香调
芝士,美食香调
可露丽香调,美食香调
鹰嘴豆,美食香调
烘烤香调,美食香调
腰果,美食香调
百利甜酒,美食香调
葡萄醋,美食香调
印度冰淇淋,美食香调
蜂蜜酒,美食香调
布雷谢,美食香调
糯米团,美食香调
可乐果,美食香调
烤乳木果,美食香调
冰冻酸奶的乐趣,美食香调
小豆子,美食香调
咖啡酒类,美食香调
软糖,美食香调
Buckwheat Accord,美食香调
Walnut Milk,美食香调
茉莉,花香调
玫瑰,花香调
橙花,花香调
鸢尾花,花香调
紫罗兰,花香调
铃兰,花香调
依兰,花香调
小苍兰,花香调
牡丹,花香调
晚香玉,花香调
木兰,花香调
茉莉（阿拉伯茉莉）,花香调
天芥菜,花香调
栀子花,花香调
玫瑰（土耳其）,花香调
花香调,花香调
玫瑰（保加利亚）,花香调
桂花,花香调
百合,花香调
兰花,花香调
金合欢,花香调
莲花,花香调
康乃馨,花香调
仙客来,花香调
睡莲,花香调
黑檀红木,花香调
玫瑰（格拉斯）,花香调
鸡蛋花,花香调
金银花,花香调
千叶玫瑰,花香调
大马士革玫瑰,花香调
茉莉（埃及）,花香调
蒂亚蕾花,花香调
紫丁香,花香调
白色花卉,花香调
风信子,花香调
水仙,花香调
脂粉香调,花香调
茶,花香调
阳光香调,花香调
红茶,花香调
樱花,花香调
希蒂莺（淡雅茉莉香）,花香调
胡萝卜籽,花香调
鸢尾花（佛罗伦萨/托斯卡纳）,花香调
桃花,花香调
玫瑰花瓣,花香调
苹果花,花香调
茉莉（印度）,花香调
白茶,花香调
山楂,花香调
玫瑰（摩洛哥）,花香调
茉莉（格拉斯）,花香调
茉莉（虎头兰）,花香调
木槿,花香调
杏花,花香调
棉花,花香调
金雀花,花香调
菩提花,花香调
水仙花,花香调
紫藤,花香调
香豌豆,花香调
夜茉莉,花香调
西番莲,花香调
梨花,花香调
橙花（突尼斯）,花香调
玫瑰（塔伊夫）,花香调
犬蔷薇,花香调
黄兰花,花香调
依兰（马达加斯加）,花香调
罂粟花,花香调
橙花（摩洛哥）,花香调
金合欢树,花香调
水杨酸盐（花香调）,花香调
山茶花,花香调
鸢尾花（帕丽达）,花香调
曼陀罗,花香调
茉莉（摩洛哥）,花香调
山梅花,花香调
玫瑰花茶,花香调
郁金香,花香调
茉莉花茶,花香调
Heliotropine（天芥菜）,花香调
姜花,花香调
沼泽革木,花香调
桂花（中国）,花香调
李子花,花香调
雏菊,花香调
海桐花,花香调
Paradisone（淡雅茉莉香）,花香调
Mahonial (铃兰),花香调
Pomarose（葡桃香调）,花香调
亚麻,花香调
姜百合,花香调
茉莉（阿拉伯）,花香调
玫瑰草,花香调
夜香树,花香调
Petalia（玫瑰花瓣）,花香调
决明子,花香调
合欢花,花香调
大丽花,花香调
野花,花香调
黑接骨木,花香调
龙胆根,花香调
伯爵红茶,花香调
锡兰红茶,花香调
凤眼兰,花香调
风铃草,花香调
孤挺花,花香调
杏花,花香调
向日葵,花香调
紫茉莉,花香调
木兰花（中国）,花香调
铃兰,花香调
树莓花,花香调
口红,花香调
千金子藤,花香调
黑莓花,花香调
帕塔奎拉花,花香调
异域花香调,花香调
鸢尾花（摩洛哥）,花香调
玫瑰（印度）,花香调
木樨草,花香调
玫瑰,花香调
咖啡花,花香调
玫瑰果,花香调
云南红茶,花香调
波罗尼亚花,花香调
雪绒花,花香调
雪花莲,花香调
桂竹香,花香调
可可花,花香调
茉莉（意大利）,花香调
花香调,花香调
菊花,花香调
石竹,花香调
绣球花,花香调
夹竹桃,花香调
月光花,花香调
使君子,花香调
Hivernal（铃兰）,花香调
荆豆,花香调
苦艾蒿,花香调
茉莉（印度尼西亚）,花香调
依兰（马约特岛）,花香调
百合花 (Lily Of The Valley),花香调
卡罗花,花香调
帕米拉花,花香调
黑加仑花,花香调
茉莉（中国）,花香调
十大功劳,花香调
含羞草（格拉斯）,花香调
玫瑰（英国产地）,花香调
颠茄,花香调
醉鱼草,花香调
瑞香,花香调
石榴花,花香调
芒果花,花香调
五月花,花香调
橄榄花,花香调
金盏花,花香调
香蕉花,花香调
苋菜,花香调
亚麻,花香调
芳樟树/香樟树,花香调
茉莉花,花香调
繁缕花,花香调
Lisylang（依兰）,花香调
蓼,花香调
杜鹃花,花香调
锦葵,花香调
清酒,花香调
玫瑰（埃及）,花香调
中国红茶,花香调
芳樟醇（花香调）,花香调
不死草,花香调
蓝罂粟,花香调
花毛茛,花香调
蒲公英,花香调
沙漠玫瑰,花香调
吲哚（动物花香）,花香调
麦努卡蜂蜜,花香调
报春花,花香调
缎木,花香调
蓍草,花香调
薄荷油,花香调
玫瑰（中国）,花香调
匙叶草,花香调
水润铃兰（铃兰）,花香调
风铃花,花香调
矢车菊，Sultan Seeds,花香调
文珠兰,花香调
勿忘我,花香调
马缨丹,花香调
木瓜花,花香调
女贞木,花香调
紫罗兰花,花香调
剑兰,花香调
紫罗兰（非洲）,花香调
冬青树,花香调
九重葛,花香调
夏蜡梅,花香调
巧克力花,花香调
倒挂金钟,花香调
黑种草,花香调
鸦片,花香调
三色堇,花香调
圣约翰草,花香调
杜鹃花,花香调
大波斯菊,花香调
毛地黄,花香调
热带花卉,花香调
天堂鸟,花香调
鸢尾花（中国）,花香调
无忧花,花香调
Nympheal（铃兰）,花香调
白鹤芋,花香调
Damascenone （苹果玫瑰香调）,花香调
马蹄莲,花香调
木樨草,花香调
夹竹桃,花香调
石榴花,花香调
沙漠棕榈花,花香调
琉璃苣花,花香调
番红花,花香调
玫瑰（意大利）,花香调
阿萨姆红茶,花香调
海水仙花,花香调
银莲花,花香调
炮弹花,花香调
球兰,花香调
玻璃翠,花香调
流血的心脏花,花香调
吴茱萸,花香调
羽扇豆,花香调
Nerolex,花香调
长春花,花香调
含笑花,花香调
荷荷巴油,花香调
干花,花香调
森林花朵,花香调
茉莉（卡拉布里亚）,花香调
果冻（玫瑰）,花香调
Lilial（铃兰）,花香调
含羞草（印度）,花香调
赤陶,花香调
茉莉（秘鲁）,花香调
牵牛花,花香调
Ebelia分子,花香调
Kharismal（淡茉莉）,花香调
葡萄花,花香调
玫瑰利口酒,花香调
Starfleur（铃兰）,花香调
Yodanol (花香),花香调
巴西木花,花香调
Moraea ciliata,花香调
黑加仑花,花香调
假虎刺,花香调
蜡梅/腊梅,花香调
秋麒麟草,花香调
藜芦花,花香调
透纳树叶,花香调
白日草,花香调
花,花香调
Flora Mortis 香调,花香调
山茶,花香调
木绣球,花香调
巴库拉花,花香调
乙酸苄酯（茉莉）,花香调
红缎花,花香调
紫草,花香调
Cyclosal（铃兰）,花香调
卡哈亚,花香调
玫瑰水,花香调
缅甸茶,花香调
玫瑰（京都）,花香调
玫瑰（班加罗尔）,花香调
Nightscent Mathiola,花香调
山玉兰,花香调
Givescone（葡桃香调）,花香调
芸香,花香调
紫锥花,花香调
乙酸乙醛乙基芳樟,花香调
Irotyl（鸢尾花）,花香调
芳香玫瑰醚（玫瑰）,花香调
牛舌草,花香调
海棠花,花香调
海神花,花香调
辣木,花香调
喜马拉雅轮生花,花香调
白玉草,花香调
天堂莲花,花香调
Jasmodione®,花香调
Rose Dries Van Noten,花香调
Iris Dries Van Noten,花香调
Cherry Peony,花香调
小豆蔻,辛香调
粉红胡椒,辛香调
肉桂,辛香调
姜,辛香调
肉豆蔻,辛香调
黑胡椒,辛香调
丁香,辛香调
芫荽,辛香调
杜松子,辛香调
胡椒,辛香调
香料香调,辛香调
莳萝,辛香调
当归,辛香调
永久花,辛香调
四川辣椒,辛香调
胡椒,辛香调
白胡椒,辛香调
月桂,辛香调
辣椒,辛香调
葛缕子,辛香调
肉桂叶,辛香调
胡椒（马达加斯加）,辛香调
姜黄粉,辛香调
辣椒,辛香调
热香料,辛香调
青椒,辛香调
清新香料,辛香调
红姜,辛香调
芹菜籽,辛香调
甜椒,辛香调
姜（马达加斯加）,辛香调
葫芦巴,辛香调
肉豆蔻仁,辛香调
丁香叶,辛香调
瑞卡草,辛香调
姜（印度）,辛香调
红辣椒,辛香调
人参,辛香调
甜椒叶,辛香调
胡椒（秘鲁）,辛香调
印度拉茶,辛香调
胡椒叶,辛香调
姜（中国）,辛香调
苦香皮,辛香调
胡椒（牙买加）,辛香调
Ishpink,辛香调
姜（尼日利亚）,辛香调
咖喱树,辛香调
漆树,辛香调
姜（牙买加）,辛香调
印度香料,辛香调
胡椒（墨西哥辣椒）,辛香调
多香果,辛香调
摩洛哥香料,辛香调
酸辣酱,辛香调
姜（日本）,辛香调
Forest Pepper Jungle Essence,辛香调
胡椒（波斯）,辛香调
玄米茶香调,辛香调
醛,醛香调
金属香调,醛香调
清爽香调,醛香调
香皂香调,醛香调
白T恤香调,醛香调
CristalFizz,醛香调
Sclarene,醛香调
干冰（乙醛）,醛香调
合成香调,醛香调
Presantone H（乙醛）,醛香调
Adoxal（醛）,醛香调
黑加仑芽,青香调
紫罗兰叶,青香调
苦橙叶,青香调
绿叶香调,青香调
白松香,青香调
树叶,青香调
绿茶,青香调
马黛茶,青香调
无花果叶,青香调
竹子,青香调
新割青草,青香调
常春藤,青香调
乳香树,青香调
草本植物,青香调
黄瓜,青香调
番茄叶,青香调
胡萝卜,青香调
仙人掌,青香调
黑加仑叶,青香调
苦橙叶,青香调
植物汁液,青香调
蕨,青香调
紫苏叶,青香调
无花果树,青香调
三叶草,青香调
树莓叶,青香调
无花果奶,青香调
柑橘叶,青香调
桦树叶,青香调
玫瑰醚,青香调
菠萝叶,青香调
花茎,青香调
绿柑橘,青香调
抹茶,青香调
绿色海洋香调,青香调
库拉索芦荟,青香调
绿叶,青香调
棕榈叶,青香调
木兰叶,青香调
菖蒲,青香调
龙舌兰,青香调
甘松香,青香调
柑橘叶,青香调
乌龙茶,青香调
草莓叶,青香调
藤蔓,青香调
香蕉叶,青香调
梨树叶,青香调
荨麻,青香调
芦苇,青香调
西红柿,青香调
橄榄叶,青香调
大吉岭红茶,青香调
青柠叶,青香调
玫瑰刺,青香调
芥末,青香调
黑莓叶,青香调
杨树芽,青香调
绿色热带香调,青香调
榛子叶,青香调
李子叶,青香调
古柯叶,青香调
鸢尾花叶,青香调
啤酒花,青香调
佛手柑叶,青香调
刺山柑,青香调
含羞草叶,青香调
黄花草,青香调
栀子花叶,青香调
Mugweed,青香调
西洋菜,青香调
滨草（沙滩草）,青香调
缬草,青香调
金合欢叶,青香调
辣椒叶,青香调
毛豆,青香调
灌木,青香调
无花果叶,青香调
茉莉叶,青香调
豌豆,青香调
苹果叶,青香调
杏叶,青香调
莴苣,青香调
旱金莲花,青香调
可可叶,青香调
玉米,青香调
角豆树,青香调
双环芳烃（青香调）,青香调
牛油果,青香调
阿米芹,青香调
马缨丹叶,青香调
大豆,青香调
艾菊,青香调
水飞蓟,青香调
绿辣椒,青香调
萝卜,青香调
三齿拉雷亚灌木,青香调
豆子（广义）,青香调
亚油酸乙酯,青香调
槟榔叶,青香调
Violettyne（紫罗兰叶）,青香调
桂花叶,青香调
Kogomi 叶,青香调
乙酸苏合香酯（绿叶香调）,青香调
乙酸己酯,青香调
榆叶,青香调
氧化苯基,青香调
女贞醛（绿叶香调）,青香调
花椰菜,青香调
Humus Ether® (Earthy Note),青香调
"Rose Oxide, L-cis",青香调
Galbanum Dries Van Noten,青香调
Veridian (Violet leaves),青香调
薰衣草,馥奇调
天竺葵,馥奇调
快乐鼠尾草,馥奇调
薄荷,馥奇调
迷迭香,馥奇调
罗勒,馥奇调
柏树,馥奇调
百里香,馥奇调
蒿,馥奇调
松针,馥奇调
杂薰衣草,馥奇调
茴香,馥奇调
八角,馥奇调
洋甘菊,馥奇调
芳香香调,馥奇调
桉树,馥奇调
龙嵩叶,馥奇调
绿薄荷,馥奇调
胡椒薄荷,馥奇调
天竺葵（埃及）,馥奇调
雪松叶,馥奇调
苦艾酒,馥奇调
桃金娘,馥奇调
薰衣草（普罗旺斯）,馥奇调
苦艾,馥奇调
月桂树,馥奇调
大麻香调,馥奇调
冷杉,馥奇调
茴香籽,馥奇调
牛至,馥奇调
馥奇香调,馥奇调
杜松子酒,馥奇调
合香叶/布枯,馥奇调
马郁兰,馥奇调
樟脑,馥奇调
冻薄荷,馥奇调
伏特加,馥奇调
云杉,馥奇调
薰衣草（英国）,馥奇调
海索草,馥奇调
欧石楠,馥奇调
橄榄,馥奇调
北美山艾树,馥奇调
天竺葵（中国）,馥奇调
龙舌兰酒,馥奇调
薄荷（摩洛哥）,馥奇调
罗勒（埃及）,馥奇调
黑云杉,馥奇调
欧芹,馥奇调
莳萝,馥奇调
薄荷茶,馥奇调
冰镇伏特加,馥奇调
铁杉,馥奇调
茶树油,馥奇调
橄榄油,馥奇调
金钟柏,馥奇调
罗勒（泰国）,馥奇调
罗勒（越南）,馥奇调
海茴香,馥奇调
苦艾酒,馥奇调
薄荷脑,馥奇调
桉树（中国）,馥奇调
冷杉（西伯利亚蓝色）,馥奇调
罗勒花,馥奇调
普罗旺斯香料,馥奇调
柠檬薄荷,馥奇调
凤仙花,馥奇调
薰衣草（尼翁）,馥奇调
桉树（澳大利亚）,馥奇调
零陵香（圣罗勒）,馥奇调
松脂,馥奇调
环丙基茴香醚,馥奇调
马天尼,馥奇调
香罗勒,馥奇调
menthyl acetate（薄荷）,馥奇调
野格炸弹鸡尾酒,馥奇调
麦斯卡尔酒,馥奇调
薰衣草（塞维利亚）,馥奇调
茴香花,馥奇调
罗勒（印尼）,馥奇调
麝香,麝香调
黄葵,麝香调
肌肤香调,麝香调
Muscone（麝香）,麝香调
Sylkolide（麝香）,麝香调
Helvetolide（麝香）,麝香调
信息素,麝香调
Muscenone（麝香）,麝香调
Sinfonide（麝香）,麝香调
麝香,麝香调
Cosmone（麝香）,麝香调
Nirvanolide（麝香）,麝香调
葵子麝香,麝香调
Serenolide（麝香）,麝香调
Habanolide（麝香）,麝香调
Galaxolide（麝香）,麝香调
性感谐香,麝香调
Vulcanolide（麝香）,麝香调
Globalide (麝香),麝香调
Exaltolide（麝香）,麝香调
山梨醇内酯（麝香）,麝香调
罗曼麝香（麝香）,麝香调
Silvanone（麝香）,麝香调
羊毛,麝香调
Ambrexolide（麝香）,麝香调
尼布龙（麝香）,麝香调
Moxalone（麝香）,麝香调
Tonalide（麝香）,麝香调
Astrotone（麝香）,麝香调
大环麝香（麝香）,麝香调
Edenolide （麝香）,麝香调
L-Muscone (Musk),麝香调